uniqueid,sample_size
Alabama2011Age Group,7296
Alabama2011Education Attained,7292
Alabama2011Gender,7304
Alabama2011Household Income,6000
Alabama2011Overall,7304
Alabama2011Race/Ethnicity,7227
Alabama2012Age Group,8641
Alabama2012Education Attained,8642
Alabama2012Gender,8651
Alabama2012Household Income,7139
Alabama2012Overall,8651
Alabama2012Race/Ethnicity,8580
Alabama2013Age Group,6226
Alabama2013Education Attained,6231
Alabama2013Gender,6244
Alabama2013Household Income,4973
Alabama2013Overall,6244
Alabama2013Race/Ethnicity,6164
Alabama2014Age Group,8174
Alabama2014Education Attained,8181
Alabama2014Gender,8190
Alabama2014Household Income,6653
Alabama2014Overall,8190
Alabama2014Race/Ethnicity,8103
Alabama2015Age Group,7374
Alabama2015Education Attained,7370
Alabama2015Gender,7383
Alabama2015Household Income,6076
Alabama2015Overall,7383
Alabama2015Race/Ethnicity,7362
Alabama2016Age Group,6518
Alabama2016Education Attained,6512
Alabama2016Gender,6526
Alabama2016Household Income,5346
Alabama2016Overall,6526
Alabama2016Race/Ethnicity,6502
Alabama2017Age Group,6210
Alabama2017Education Attained,6237
Alabama2017Gender,6243
Alabama2017Household Income,5000
Alabama2017Overall,6245
Alabama2017Race/Ethnicity,6218
Alabama2018Age Group,6124
Alabama2018Education Attained,6134
Alabama2018Gender,6144
Alabama2018Household Income,4903
Alabama2018Overall,6144
Alabama2018Race/Ethnicity,6127
Alabama2019Age Group,6514
Alabama2019Education Attained,6513
Alabama2019Gender,6521
Alabama2019Household Income,5354
Alabama2019Overall,6521
Alabama2019Race/Ethnicity,6483
Alaska2011Age Group,3297
Alaska2011Education Attained,3315
Alaska2011Gender,3336
Alaska2011Household Income,2870
Alaska2011Overall,3336
Alaska2011Race/Ethnicity,3272
Alaska2012Age Group,4064
Alaska2012Education Attained,4062
Alaska2012Gender,4093
Alaska2012Household Income,3539
Alaska2012Overall,4093
Alaska2012Race/Ethnicity,4043
Alaska2013Age Group,4368
Alaska2013Education Attained,4383
Alaska2013Gender,4386
Alaska2013Household Income,4023
Alaska2013Overall,4396
Alaska2013Race/Ethnicity,4300
Alaska2014Age Group,4108
Alaska2014Education Attained,4123
Alaska2014Gender,4142
Alaska2014Household Income,3734
Alaska2014Overall,4142
Alaska2014Race/Ethnicity,4013
Alaska2015Age Group,3400
Alaska2015Education Attained,3401
Alaska2015Gender,3427
Alaska2015Household Income,3087
Alaska2015Overall,3434
Alaska2015Race/Ethnicity,3405
Alaska2016Age Group,2708
Alaska2016Education Attained,2714
Alaska2016Gender,2739
Alaska2016Household Income,2464
Alaska2016Overall,2739
Alaska2016Race/Ethnicity,2697
Alaska2017Age Group,3010
Alaska2017Education Attained,3000
Alaska2017Gender,3030
Alaska2017Household Income,2739
Alaska2017Overall,3031
Alaska2017Race/Ethnicity,2991
Alaska2018Age Group,2577
Alaska2018Education Attained,2571
Alaska2018Gender,2600
Alaska2018Household Income,2187
Alaska2018Overall,2600
Alaska2018Race/Ethnicity,2560
Alaska2019Age Group,2714
Alaska2019Education Attained,2704
Alaska2019Gender,2729
Alaska2019Household Income,2290
Alaska2019Overall,2729
Alaska2019Race/Ethnicity,2681
Arizona2011Age Group,6142
Arizona2011Education Attained,6130
Arizona2011Gender,6150
Arizona2011Household Income,5314
Arizona2011Overall,6150
Arizona2011Race/Ethnicity,6054
Arizona2012Age Group,6945
Arizona2012Education Attained,6932
Arizona2012Gender,6951
Arizona2012Household Income,5979
Arizona2012Overall,6951
Arizona2012Race/Ethnicity,6800
Arizona2013Age Group,4022
Arizona2013Education Attained,4005
Arizona2013Gender,4029
Arizona2013Household Income,3490
Arizona2013Overall,4029
Arizona2013Race/Ethnicity,3939
Arizona2014Age Group,13849
Arizona2014Education Attained,13806
Arizona2014Gender,13849
Arizona2014Household Income,11802
Arizona2014Overall,13849
Arizona2014Race/Ethnicity,13563
Arizona2015Age Group,7134
Arizona2015Education Attained,7124
Arizona2015Gender,7152
Arizona2015Household Income,5812
Arizona2015Overall,7152
Arizona2015Race/Ethnicity,7113
Arizona2016Age Group,10033
Arizona2016Education Attained,10006
Arizona2016Gender,10033
Arizona2016Household Income,8422
Arizona2016Overall,10033
Arizona2016Race/Ethnicity,9999
Arizona2017Age Group,14164
Arizona2017Education Attained,14127
Arizona2017Gender,14144
Arizona2017Household Income,11838
Arizona2017Overall,14164
Arizona2017Race/Ethnicity,14136
Arizona2018Age Group,7439
Arizona2018Education Attained,7430
Arizona2018Gender,7449
Arizona2018Household Income,6309
Arizona2018Overall,7449
Arizona2018Race/Ethnicity,7416
Arizona2019Age Group,8183
Arizona2019Education Attained,8163
Arizona2019Gender,8183
Arizona2019Household Income,6896
Arizona2019Overall,8183
Arizona2019Race/Ethnicity,8148
Arkansas2011Age Group,4509
Arkansas2011Education Attained,4518
Arkansas2011Gender,4527
Arkansas2011Household Income,3866
Arkansas2011Overall,4527
Arkansas2011Race/Ethnicity,4434
Arkansas2012Age Group,4924
Arkansas2012Education Attained,4932
Arkansas2012Gender,4943
Arkansas2012Household Income,4153
Arkansas2012Overall,4943
Arkansas2012Race/Ethnicity,4844
Arkansas2013Age Group,5008
Arkansas2013Education Attained,5007
Arkansas2013Gender,5023
Arkansas2013Household Income,4206
Arkansas2013Overall,5023
Arkansas2013Race/Ethnicity,4945
Arkansas2014Age Group,4863
Arkansas2014Education Attained,4874
Arkansas2014Gender,4886
Arkansas2014Household Income,4044
Arkansas2014Overall,4886
Arkansas2014Race/Ethnicity,4814
Arkansas2015Age Group,4795
Arkansas2015Education Attained,4803
Arkansas2015Gender,4813
Arkansas2015Household Income,3930
Arkansas2015Overall,4813
Arkansas2015Race/Ethnicity,4776
Arkansas2016Age Group,4834
Arkansas2016Education Attained,4853
Arkansas2016Gender,4859
Arkansas2016Household Income,3981
Arkansas2016Overall,4859
Arkansas2016Race/Ethnicity,4809
Arkansas2017Age Group,4858
Arkansas2017Education Attained,4869
Arkansas2017Gender,4877
Arkansas2017Household Income,3976
Arkansas2017Overall,4884
Arkansas2017Race/Ethnicity,4855
Arkansas2018Age Group,4944
Arkansas2018Education Attained,4956
Arkansas2018Gender,4963
Arkansas2018Household Income,4108
Arkansas2018Overall,4963
Arkansas2018Race/Ethnicity,4916
Arkansas2019Age Group,4899
Arkansas2019Education Attained,4895
Arkansas2019Gender,4922
Arkansas2019Household Income,3908
Arkansas2019Overall,4922
Arkansas2019Race/Ethnicity,4899
California2011Age Group,17088
California2011Education Attained,17073
California2011Gender,17088
California2011Household Income,15998
California2011Overall,17088
California2011Race/Ethnicity,17014
California2012Age Group,13646
California2012Education Attained,13635
California2012Gender,13646
California2012Household Income,12763
California2012Overall,13646
California2012Race/Ethnicity,13561
California2013Age Group,10669
California2013Education Attained,10654
California2013Gender,10669
California2013Household Income,9991
California2013Overall,10669
California2013Race/Ethnicity,10590
California2014Age Group,8025
California2014Education Attained,7999
California2014Gender,8025
California2014Household Income,7215
California2014Overall,8025
California2014Race/Ethnicity,7919
California2015Age Group,11459
California2015Education Attained,11436
California2015Gender,11459
California2015Household Income,10061
California2015Overall,11459
California2015Race/Ethnicity,11434
California2016Age Group,10352
California2016Education Attained,10331
California2016Gender,10351
California2016Household Income,9143
California2016Overall,10352
California2016Race/Ethnicity,10308
California2017Age Group,8468
California2017Education Attained,8462
California2017Gender,8473
California2017Household Income,7512
California2017Overall,8475
California2017Race/Ethnicity,8447
California2018Age Group,10856
California2018Education Attained,10838
California2018Gender,10856
California2018Household Income,9768
California2018Overall,10856
California2018Race/Ethnicity,10831
California2019Age Group,10546
California2019Education Attained,10524
California2019Gender,10546
California2019Household Income,9422
California2019Overall,10546
California2019Race/Ethnicity,10522
Colorado2011Age Group,12976
Colorado2011Education Attained,12951
Colorado2011Gender,12976
Colorado2011Household Income,11372
Colorado2011Overall,12976
Colorado2011Race/Ethnicity,12791
Colorado2012Age Group,11643
Colorado2012Education Attained,11629
Colorado2012Gender,11643
Colorado2012Household Income,10319
Colorado2012Overall,11643
Colorado2012Race/Ethnicity,11440
Colorado2013Age Group,12920
Colorado2013Education Attained,12906
Colorado2013Gender,12920
Colorado2013Household Income,11534
Colorado2013Overall,12920
Colorado2013Race/Ethnicity,12662
Colorado2014Age Group,12567
Colorado2014Education Attained,12542
Colorado2014Gender,12567
Colorado2014Household Income,11061
Colorado2014Overall,12567
Colorado2014Race/Ethnicity,12250
Colorado2015Age Group,12183
Colorado2015Education Attained,12155
Colorado2015Gender,12183
Colorado2015Household Income,10421
Colorado2015Overall,12183
Colorado2015Race/Ethnicity,12142
Colorado2016Age Group,13637
Colorado2016Education Attained,13608
Colorado2016Gender,13636
Colorado2016Household Income,11813
Colorado2016Overall,13637
Colorado2016Race/Ethnicity,13597
Colorado2017Age Group,9063
Colorado2017Education Attained,9042
Colorado2017Gender,9056
Colorado2017Household Income,7815
Colorado2017Overall,9063
Colorado2017Race/Ethnicity,9027
Colorado2018Age Group,8226
Colorado2018Education Attained,8213
Colorado2018Gender,8234
Colorado2018Household Income,7125
Colorado2018Overall,8234
Colorado2018Race/Ethnicity,8206
Colorado2019Age Group,8644
Colorado2019Education Attained,8614
Colorado2019Gender,8644
Colorado2019Household Income,7382
Colorado2019Overall,8644
Colorado2019Race/Ethnicity,8601
Connecticut2011Age Group,6448
Connecticut2011Education Attained,6444
Connecticut2011Gender,6457
Connecticut2011Household Income,5528
Connecticut2011Overall,6457
Connecticut2011Race/Ethnicity,6366
Connecticut2012Age Group,8304
Connecticut2012Education Attained,8284
Connecticut2012Gender,8312
Connecticut2012Household Income,7173
Connecticut2012Overall,8312
Connecticut2012Race/Ethnicity,8155
Connecticut2013Age Group,7300
Connecticut2013Education Attained,7285
Connecticut2013Gender,7309
Connecticut2013Household Income,6295
Connecticut2013Overall,7309
Connecticut2013Race/Ethnicity,7176
Connecticut2014Age Group,7220
Connecticut2014Education Attained,7214
Connecticut2014Gender,7237
Connecticut2014Household Income,6156
Connecticut2014Overall,7237
Connecticut2014Race/Ethnicity,7096
Connecticut2015Age Group,10901
Connecticut2015Education Attained,10870
Connecticut2015Gender,10901
Connecticut2015Household Income,9083
Connecticut2015Overall,10901
Connecticut2015Race/Ethnicity,10876
Connecticut2016Age Group,9945
Connecticut2016Education Attained,9936
Connecticut2016Gender,9960
Connecticut2016Household Income,8363
Connecticut2016Overall,9960
Connecticut2016Race/Ethnicity,9921
Connecticut2017Age Group,9496
Connecticut2017Education Attained,9478
Connecticut2017Gender,9494
Connecticut2017Household Income,7890
Connecticut2017Overall,9505
Connecticut2017Race/Ethnicity,9453
Connecticut2018Age Group,9712
Connecticut2018Education Attained,9699
Connecticut2018Gender,9722
Connecticut2018Household Income,8088
Connecticut2018Overall,9722
Connecticut2018Race/Ethnicity,9687
Connecticut2019Age Group,8252
Connecticut2019Education Attained,8235
Connecticut2019Gender,8259
Connecticut2019Household Income,6804
Connecticut2019Overall,8259
Connecticut2019Race/Ethnicity,8208
Delaware2011Age Group,4517
Delaware2011Education Attained,4515
Delaware2011Gender,4530
Delaware2011Household Income,3836
Delaware2011Overall,4530
Delaware2011Race/Ethnicity,4472
Delaware2012Age Group,4922
Delaware2012Education Attained,4932
Delaware2012Gender,4944
Delaware2012Household Income,4291
Delaware2012Overall,4944
Delaware2012Race/Ethnicity,4901
Delaware2013Age Group,4862
Delaware2013Education Attained,4874
Delaware2013Gender,4893
Delaware2013Household Income,4185
Delaware2013Overall,4893
Delaware2013Race/Ethnicity,4817
Delaware2014Age Group,3953
Delaware2014Education Attained,3960
Delaware2014Gender,3983
Delaware2014Household Income,3360
Delaware2014Overall,3983
Delaware2014Race/Ethnicity,3901
Delaware2015Age Group,3672
Delaware2015Education Attained,3668
Delaware2015Gender,3688
Delaware2015Household Income,3009
Delaware2015Overall,3688
Delaware2015Race/Ethnicity,3634
Delaware2016Age Group,3680
Delaware2016Education Attained,3676
Delaware2016Gender,3702
Delaware2016Household Income,3108
Delaware2016Overall,3702
Delaware2016Race/Ethnicity,3634
Delaware2017Age Group,3610
Delaware2017Education Attained,3628
Delaware2017Gender,3648
Delaware2017Household Income,3028
Delaware2017Overall,3648
Delaware2017Race/Ethnicity,3612
Delaware2018Age Group,4608
Delaware2018Education Attained,4602
Delaware2018Gender,4629
Delaware2018Household Income,3910
Delaware2018Overall,4629
Delaware2018Race/Ethnicity,4570
Delaware2019Age Group,3364
Delaware2019Education Attained,3384
Delaware2019Gender,3401
Delaware2019Household Income,2818
Delaware2019Overall,3401
Delaware2019Race/Ethnicity,3362
Florida2011Age Group,11770
Florida2011Education Attained,11733
Florida2011Gender,11770
Florida2011Household Income,10118
Florida2011Overall,11770
Florida2011Race/Ethnicity,11538
Florida2012Age Group,7273
Florida2012Education Attained,7256
Florida2012Gender,7282
Florida2012Household Income,6198
Florida2012Overall,7282
Florida2012Race/Ethnicity,7112
Florida2013Age Group,32552
Florida2013Education Attained,32443
Florida2013Gender,32552
Florida2013Household Income,28117
Florida2013Overall,32552
Florida2013Race/Ethnicity,31670
Florida2014Age Group,9156
Florida2014Education Attained,9115
Florida2014Gender,9156
Florida2014Household Income,7901
Florida2014Overall,9156
Florida2014Race/Ethnicity,8948
Florida2015Age Group,8978
Florida2015Education Attained,8952
Florida2015Gender,8985
Florida2015Household Income,7687
Florida2015Overall,8985
Florida2015Race/Ethnicity,8938
Florida2016Age Group,33186
Florida2016Education Attained,33069
Florida2016Gender,33183
Florida2016Household Income,27440
Florida2016Overall,33186
Florida2016Race/Ethnicity,33153
Florida2017Age Group,19913
Florida2017Education Attained,19859
Florida2017Gender,19913
Florida2017Household Income,16786
Florida2017Overall,19913
Florida2017Race/Ethnicity,19884
Florida2018Age Group,13804
Florida2018Education Attained,13776
Florida2018Gender,13804
Florida2018Household Income,11634
Florida2018Overall,13804
Florida2018Race/Ethnicity,13767
Florida2019Age Group,15091
Florida2019Education Attained,15040
Florida2019Gender,15091
Florida2019Household Income,12458
Florida2019Overall,15091
Florida2019Race/Ethnicity,15053
Georgia2011Age Group,9353
Georgia2011Education Attained,9332
Georgia2011Gender,9353
Georgia2011Household Income,8088
Georgia2011Overall,9353
Georgia2011Race/Ethnicity,9231
Georgia2012Age Group,5727
Georgia2012Education Attained,5723
Georgia2012Gender,5737
Georgia2012Household Income,5002
Georgia2012Overall,5737
Georgia2012Race/Ethnicity,5661
Georgia2013Age Group,7606
Georgia2013Education Attained,7589
Georgia2013Gender,7606
Georgia2013Household Income,6498
Georgia2013Overall,7606
Georgia2013Race/Ethnicity,7483
Georgia2014Age Group,5835
Georgia2014Education Attained,5832
Georgia2014Gender,5844
Georgia2014Household Income,5028
Georgia2014Overall,5844
Georgia2014Race/Ethnicity,5739
Georgia2015Age Group,4242
Georgia2015Education Attained,4249
Georgia2015Gender,4269
Georgia2015Household Income,3540
Georgia2015Overall,4269
Georgia2015Race/Ethnicity,4225
Georgia2016Age Group,4853
Georgia2016Education Attained,4875
Georgia2016Gender,4883
Georgia2016Household Income,4104
Georgia2016Overall,4884
Georgia2016Race/Ethnicity,4838
Georgia2017Age Group,5353
Georgia2017Education Attained,5359
Georgia2017Gender,5369
Georgia2017Household Income,4447
Georgia2017Overall,5369
Georgia2017Race/Ethnicity,5323
Georgia2018Age Group,8231
Georgia2018Education Attained,8207
Georgia2018Gender,8231
Georgia2018Household Income,6962
Georgia2018Overall,8231
Georgia2018Race/Ethnicity,8210
Georgia2019Age Group,6462
Georgia2019Education Attained,6451
Georgia2019Gender,6470
Georgia2019Household Income,5417
Georgia2019Overall,6470
Georgia2019Race/Ethnicity,6427
Hawaii2011Age Group,7407
Hawaii2011Education Attained,7391
Hawaii2011Gender,7407
Hawaii2011Household Income,6763
Hawaii2011Overall,7407
Hawaii2011Race/Ethnicity,7305
Hawaii2012Age Group,7371
Hawaii2012Education Attained,7365
Hawaii2012Gender,7371
Hawaii2012Household Income,6707
Hawaii2012Overall,7371
Hawaii2012Race/Ethnicity,7259
Hawaii2013Age Group,7599
Hawaii2013Education Attained,7602
Hawaii2013Gender,7609
Hawaii2013Household Income,6921
Hawaii2013Overall,7609
Hawaii2013Race/Ethnicity,7506
Hawaii2014Age Group,6895
Hawaii2014Education Attained,6890
Hawaii2014Gender,6905
Hawaii2014Household Income,6245
Hawaii2014Overall,6905
Hawaii2014Race/Ethnicity,6820
Hawaii2015Age Group,6803
Hawaii2015Education Attained,6805
Hawaii2015Gender,6822
Hawaii2015Household Income,6268
Hawaii2015Overall,6822
Hawaii2015Race/Ethnicity,6766
Hawaii2016Age Group,7659
Hawaii2016Education Attained,7647
Hawaii2016Gender,7658
Hawaii2016Household Income,6999
Hawaii2016Overall,7659
Hawaii2016Race/Ethnicity,7617
Hawaii2017Age Group,7319
Hawaii2017Education Attained,7304
Hawaii2017Gender,7315
Hawaii2017Household Income,6795
Hawaii2017Overall,7319
Hawaii2017Race/Ethnicity,7284
Hawaii2018Age Group,7474
Hawaii2018Education Attained,7457
Hawaii2018Gender,7474
Hawaii2018Household Income,6655
Hawaii2018Overall,7474
Hawaii2018Race/Ethnicity,7439
Hawaii2019Age Group,7341
Hawaii2019Education Attained,7322
Hawaii2019Gender,7341
Hawaii2019Household Income,6578
Hawaii2019Overall,7341
Hawaii2019Race/Ethnicity,7295
Idaho2011Age Group,5712
Idaho2011Education Attained,5726
Idaho2011Gender,5739
Idaho2011Household Income,5093
Idaho2011Overall,5739
Idaho2011Race/Ethnicity,5635
Idaho2012Age Group,5555
Idaho2012Education Attained,5562
Idaho2012Gender,5578
Idaho2012Household Income,4899
Idaho2012Overall,5578
Idaho2012Race/Ethnicity,5448
Idaho2013Age Group,5290
Idaho2013Education Attained,5307
Idaho2013Gender,5315
Idaho2013Household Income,4741
Idaho2013Overall,5315
Idaho2013Race/Ethnicity,5214
Idaho2014Age Group,5116
Idaho2014Education Attained,5117
Idaho2014Gender,5125
Idaho2014Household Income,4604
Idaho2014Overall,5125
Idaho2014Race/Ethnicity,5015
Idaho2015Age Group,5345
Idaho2015Education Attained,5330
Idaho2015Gender,5358
Idaho2015Household Income,4764
Idaho2015Overall,5358
Idaho2015Race/Ethnicity,5321
Idaho2016Age Group,4850
Idaho2016Education Attained,4854
Idaho2016Gender,4880
Idaho2016Household Income,4384
Idaho2016Overall,4880
Idaho2016Race/Ethnicity,4848
Idaho2017Age Group,4592
Idaho2017Education Attained,4596
Idaho2017Gender,4621
Idaho2017Household Income,4214
Idaho2017Overall,4623
Idaho2017Race/Ethnicity,4578
Idaho2018Age Group,3412
Idaho2018Education Attained,3418
Idaho2018Gender,3434
Idaho2018Household Income,3054
Idaho2018Overall,3434
Idaho2018Race/Ethnicity,3368
Idaho2019Age Group,4898
Idaho2019Education Attained,4909
Idaho2019Gender,4925
Idaho2019Household Income,4045
Idaho2019Overall,4925
Idaho2019Race/Ethnicity,4859
Illinois2011Age Group,5331
Illinois2011Education Attained,5343
Illinois2011Gender,5355
Illinois2011Household Income,5036
Illinois2011Overall,5355
Illinois2011Race/Ethnicity,5309
Illinois2012Age Group,5447
Illinois2012Education Attained,5442
Illinois2012Gender,5452
Illinois2012Household Income,5092
Illinois2012Overall,5452
Illinois2012Race/Ethnicity,5400
Illinois2013Age Group,5463
Illinois2013Education Attained,5475
Illinois2013Gender,5490
Illinois2013Household Income,5189
Illinois2013Overall,5490
Illinois2013Race/Ethnicity,5441
Illinois2014Age Group,4820
Illinois2014Education Attained,4826
Illinois2014Gender,4835
Illinois2014Household Income,4596
Illinois2014Overall,4835
Illinois2014Race/Ethnicity,4767
Illinois2015Age Group,5048
Illinois2015Education Attained,5075
Illinois2015Gender,5081
Illinois2015Household Income,4760
Illinois2015Overall,5081
Illinois2015Race/Ethnicity,5035
Illinois2016Age Group,4512
Illinois2016Education Attained,4518
Illinois2016Gender,4518
Illinois2016Household Income,4224
Illinois2016Overall,4518
Illinois2016Race/Ethnicity,4464
Illinois2017Age Group,5214
Illinois2017Education Attained,5238
Illinois2017Gender,5246
Illinois2017Household Income,4880
Illinois2017Overall,5247
Illinois2017Race/Ethnicity,5191
Illinois2018Age Group,4959
Illinois2018Education Attained,4957
Illinois2018Gender,4973
Illinois2018Household Income,4563
Illinois2018Overall,4973
Illinois2018Race/Ethnicity,4925
Illinois2019Age Group,5174
Illinois2019Education Attained,5173
Illinois2019Gender,5188
Illinois2019Household Income,4735
Illinois2019Overall,5188
Illinois2019Race/Ethnicity,5131
Indiana2011Age Group,8048
Indiana2011Education Attained,8027
Indiana2011Gender,8048
Indiana2011Household Income,6874
Indiana2011Overall,8048
Indiana2011Race/Ethnicity,7909
Indiana2012Age Group,8225
Indiana2012Education Attained,8208
Indiana2012Gender,8225
Indiana2012Household Income,7100
Indiana2012Overall,8225
Indiana2012Race/Ethnicity,8098
Indiana2013Age Group,9770
Indiana2013Education Attained,9753
Indiana2013Gender,9770
Indiana2013Household Income,8375
Indiana2013Overall,9770
Indiana2013Race/Ethnicity,9612
Indiana2014Age Group,10773
Indiana2014Education Attained,10747
Indiana2014Gender,10773
Indiana2014Household Income,9362
Indiana2014Overall,10773
Indiana2014Race/Ethnicity,10600
Indiana2015Age Group,5625
Indiana2015Education Attained,5625
Indiana2015Gender,5647
Indiana2015Household Income,4878
Indiana2015Overall,5647
Indiana2015Race/Ethnicity,5617
Indiana2016Age Group,10309
Indiana2016Education Attained,10300
Indiana2016Gender,10319
Indiana2016Household Income,9114
Indiana2016Overall,10319
Indiana2016Race/Ethnicity,10279
Indiana2017Age Group,12973
Indiana2017Education Attained,12949
Indiana2017Gender,12968
Indiana2017Household Income,11625
Indiana2017Overall,12973
Indiana2017Race/Ethnicity,12939
Indiana2018Age Group,6885
Indiana2018Education Attained,6875
Indiana2018Gender,6885
Indiana2018Household Income,5590
Indiana2018Overall,6885
Indiana2018Race/Ethnicity,6853
Indiana2019Age Group,8017
Indiana2019Education Attained,7979
Indiana2019Gender,8017
Indiana2019Household Income,6525
Indiana2019Overall,8017
Indiana2019Race/Ethnicity,7983
Iowa2011Age Group,6882
Iowa2011Education Attained,6889
Iowa2011Gender,6898
Iowa2011Household Income,5935
Iowa2011Overall,6898
Iowa2011Race/Ethnicity,6844
Iowa2012Age Group,6760
Iowa2012Education Attained,6751
Iowa2012Gender,6769
Iowa2012Household Income,5928
Iowa2012Overall,6769
Iowa2012Race/Ethnicity,6716
Iowa2013Age Group,7654
Iowa2013Education Attained,7665
Iowa2013Gender,7672
Iowa2013Household Income,6771
Iowa2013Overall,7672
Iowa2013Race/Ethnicity,7590
Iowa2014Age Group,7567
Iowa2014Education Attained,7567
Iowa2014Gender,7572
Iowa2014Household Income,6597
Iowa2014Overall,7572
Iowa2014Race/Ethnicity,7508
Iowa2015Age Group,5577
Iowa2015Education Attained,5585
Iowa2015Gender,5614
Iowa2015Household Income,4792
Iowa2015Overall,5614
Iowa2015Race/Ethnicity,5567
Iowa2016Age Group,6621
Iowa2016Education Attained,6634
Iowa2016Gender,6644
Iowa2016Household Income,5765
Iowa2016Overall,6645
Iowa2016Race/Ethnicity,6602
Iowa2017Age Group,7078
Iowa2017Education Attained,7096
Iowa2017Gender,7106
Iowa2017Household Income,6199
Iowa2017Overall,7113
Iowa2017Race/Ethnicity,7058
Iowa2018Age Group,8403
Iowa2018Education Attained,8410
Iowa2018Gender,8428
Iowa2018Household Income,7407
Iowa2018Overall,8428
Iowa2018Race/Ethnicity,8391
Iowa2019Age Group,8929
Iowa2019Education Attained,8926
Iowa2019Gender,8938
Iowa2019Household Income,7721
Iowa2019Overall,8938
Iowa2019Race/Ethnicity,8877
Kansas2011Age Group,19619
Kansas2011Education Attained,19599
Kansas2011Gender,19619
Kansas2011Household Income,17029
Kansas2011Overall,19619
Kansas2011Race/Ethnicity,19543
Kansas2012Age Group,11238
Kansas2012Education Attained,11225
Kansas2012Gender,11238
Kansas2012Household Income,9927
Kansas2012Overall,11238
Kansas2012Race/Ethnicity,11185
Kansas2013Age Group,21991
Kansas2013Education Attained,21972
Kansas2013Gender,21991
Kansas2013Household Income,19305
Kansas2013Overall,21991
Kansas2013Race/Ethnicity,21821
Kansas2014Age Group,12825
Kansas2014Education Attained,12813
Kansas2014Gender,12825
Kansas2014Household Income,11005
Kansas2014Overall,12825
Kansas2014Race/Ethnicity,12674
Kansas2015Age Group,20930
Kansas2015Education Attained,20901
Kansas2015Gender,20930
Kansas2015Household Income,17855
Kansas2015Overall,20930
Kansas2015Race/Ethnicity,20879
Kansas2016Age Group,10947
Kansas2016Education Attained,10934
Kansas2016Gender,10944
Kansas2016Household Income,9358
Kansas2016Overall,10947
Kansas2016Race/Ethnicity,10910
Kansas2017Age Group,19783
Kansas2017Education Attained,19757
Kansas2017Gender,19772
Kansas2017Household Income,17085
Kansas2017Overall,19783
Kansas2017Race/Ethnicity,19733
Kansas2018Age Group,9891
Kansas2018Education Attained,9882
Kansas2018Gender,9901
Kansas2018Household Income,8631
Kansas2018Overall,9901
Kansas2018Race/Ethnicity,9867
Kansas2019Age Group,10294
Kansas2019Education Attained,10271
Kansas2019Gender,10294
Kansas2019Household Income,8837
Kansas2019Overall,10294
Kansas2019Race/Ethnicity,10238
Kentucky2011Age Group,10114
Kentucky2011Education Attained,10092
Kentucky2011Gender,10114
Kentucky2011Household Income,7254
Kentucky2011Overall,10114
Kentucky2011Race/Ethnicity,9946
Kentucky2012Age Group,10570
Kentucky2012Education Attained,10555
Kentucky2012Gender,10570
Kentucky2012Household Income,9343
Kentucky2012Overall,10570
Kentucky2012Race/Ethnicity,10434
Kentucky2013Age Group,10325
Kentucky2013Education Attained,10313
Kentucky2013Gender,10325
Kentucky2013Household Income,7323
Kentucky2013Overall,10325
Kentucky2013Race/Ethnicity,10236
Kentucky2014Age Group,10442
Kentucky2014Education Attained,10428
Kentucky2014Gender,10442
Kentucky2014Household Income,8926
Kentucky2014Overall,10442
Kentucky2014Race/Ethnicity,10350
Kentucky2015Age Group,8130
Kentucky2015Education Attained,8113
Kentucky2015Gender,8130
Kentucky2015Household Income,5379
Kentucky2015Overall,8130
Kentucky2015Race/Ethnicity,8090
Kentucky2016Age Group,9573
Kentucky2016Education Attained,9569
Kentucky2016Gender,9583
Kentucky2016Household Income,7845
Kentucky2016Overall,9583
Kentucky2016Race/Ethnicity,9547
Kentucky2017Age Group,8018
Kentucky2017Education Attained,8009
Kentucky2017Gender,8013
Kentucky2017Household Income,5584
Kentucky2017Overall,8018
Kentucky2017Race/Ethnicity,7994
Kentucky2018Age Group,8006
Kentucky2018Education Attained,8004
Kentucky2018Gender,8013
Kentucky2018Household Income,6629
Kentucky2018Overall,8013
Kentucky2018Race/Ethnicity,7997
Kentucky2019Age Group,7459
Kentucky2019Education Attained,7460
Kentucky2019Gender,7468
Kentucky2019Household Income,5029
Kentucky2019Overall,7468
Kentucky2019Race/Ethnicity,7424
Louisiana2011Age Group,10404
Louisiana2011Education Attained,10391
Louisiana2011Gender,10404
Louisiana2011Household Income,8700
Louisiana2011Overall,10404
Louisiana2011Race/Ethnicity,10338
Louisiana2012Age Group,8656
Louisiana2012Education Attained,8647
Louisiana2012Gender,8656
Louisiana2012Household Income,7353
Louisiana2012Overall,8656
Louisiana2012Race/Ethnicity,8602
Louisiana2013Age Group,4993
Louisiana2013Education Attained,5001
Louisiana2013Gender,5014
Louisiana2013Household Income,4218
Louisiana2013Overall,5014
Louisiana2013Race/Ethnicity,4958
Louisiana2014Age Group,6358
Louisiana2014Education Attained,6355
Louisiana2014Gender,6366
Louisiana2014Household Income,5436
Louisiana2014Overall,6366
Louisiana2014Race/Ethnicity,6297
Louisiana2015Age Group,4319
Louisiana2015Education Attained,4312
Louisiana2015Gender,4324
Louisiana2015Household Income,3535
Louisiana2015Overall,4324
Louisiana2015Race/Ethnicity,4272
Louisiana2016Age Group,4837
Louisiana2016Education Attained,4860
Louisiana2016Gender,4867
Louisiana2016Household Income,4176
Louisiana2016Overall,4868
Louisiana2016Race/Ethnicity,4825
Louisiana2017Age Group,4412
Louisiana2017Education Attained,4433
Louisiana2017Gender,4437
Louisiana2017Household Income,3837
Louisiana2017Overall,4439
Louisiana2017Race/Ethnicity,4408
Louisiana2018Age Group,4698
Louisiana2018Education Attained,4712
Louisiana2018Gender,4720
Louisiana2018Household Income,4106
Louisiana2018Overall,4720
Louisiana2018Race/Ethnicity,4702
Louisiana2019Age Group,4265
Louisiana2019Education Attained,4285
Louisiana2019Gender,4298
Louisiana2019Household Income,3655
Louisiana2019Overall,4298
Louisiana2019Race/Ethnicity,4263
Maine2011Age Group,12643
Maine2011Education Attained,12618
Maine2011Gender,12643
Maine2011Household Income,11357
Maine2011Overall,12643
Maine2011Race/Ethnicity,12455
Maine2012Age Group,9504
Maine2012Education Attained,9498
Maine2012Gender,9512
Maine2012Household Income,8571
Maine2012Overall,9512
Maine2012Race/Ethnicity,9360
Maine2013Age Group,7775
Maine2013Education Attained,7774
Maine2013Gender,7791
Maine2013Household Income,6968
Maine2013Overall,7791
Maine2013Race/Ethnicity,7659
Maine2014Age Group,8689
Maine2014Education Attained,8688
Maine2014Gender,8705
Maine2014Household Income,7894
Maine2014Overall,8705
Maine2014Race/Ethnicity,8556
Maine2015Age Group,8553
Maine2015Education Attained,8552
Maine2015Gender,8579
Maine2015Household Income,7724
Maine2015Overall,8579
Maine2015Race/Ethnicity,8543
Maine2016Age Group,9545
Maine2016Education Attained,9542
Maine2016Gender,9554
Maine2016Household Income,8806
Maine2016Overall,9554
Maine2016Race/Ethnicity,9520
Maine2017Age Group,9295
Maine2017Education Attained,9267
Maine2017Gender,9294
Maine2017Household Income,8690
Maine2017Overall,9295
Maine2017Race/Ethnicity,9262
Maine2018Age Group,10215
Maine2018Education Attained,10204
Maine2018Gender,10224
Maine2018Household Income,8532
Maine2018Overall,10224
Maine2018Race/Ethnicity,10179
Maine2019Age Group,10445
Maine2019Education Attained,10432
Maine2019Gender,10455
Maine2019Household Income,8292
Maine2019Overall,10455
Maine2019Race/Ethnicity,10425
Maryland2011Age Group,9450
Maryland2011Education Attained,9427
Maryland2011Gender,9450
Maryland2011Household Income,8077
Maryland2011Overall,9450
Maryland2011Race/Ethnicity,9329
Maryland2012Age Group,11947
Maryland2012Education Attained,11927
Maryland2012Gender,11947
Maryland2012Household Income,10421
Maryland2012Overall,11947
Maryland2012Race/Ethnicity,11787
Maryland2013Age Group,12169
Maryland2013Education Attained,12139
Maryland2013Gender,12169
Maryland2013Household Income,10458
Maryland2013Overall,12169
Maryland2013Race/Ethnicity,12010
Maryland2014Age Group,11696
Maryland2014Education Attained,11686
Maryland2014Gender,11713
Maryland2014Household Income,9969
Maryland2014Overall,11713
Maryland2014Race/Ethnicity,11502
Maryland2015Age Group,11357
Maryland2015Education Attained,11321
Maryland2015Gender,11357
Maryland2015Household Income,9311
Maryland2015Overall,11357
Maryland2015Race/Ethnicity,11328
Maryland2016Age Group,16701
Maryland2016Education Attained,16670
Maryland2016Gender,16701
Maryland2016Household Income,13971
Maryland2016Overall,16701
Maryland2016Race/Ethnicity,16661
Maryland2017Age Group,12377
Maryland2017Education Attained,12352
Maryland2017Gender,12373
Maryland2017Household Income,10296
Maryland2017Overall,12386
Maryland2017Race/Ethnicity,12368
Maryland2018Age Group,16029
Maryland2018Education Attained,15999
Maryland2018Gender,16029
Maryland2018Household Income,13401
Maryland2018Overall,16029
Maryland2018Race/Ethnicity,15995
Maryland2019Age Group,15864
Maryland2019Education Attained,15816
Maryland2019Gender,15864
Maryland2019Household Income,13318
Maryland2019Overall,15864
Maryland2019Race/Ethnicity,15823
Massachusetts2011Age Group,20532
Massachusetts2011Education Attained,20480
Massachusetts2011Gender,20532
Massachusetts2011Household Income,17613
Massachusetts2011Overall,20532
Massachusetts2011Race/Ethnicity,20248
Massachusetts2012Age Group,19904
Massachusetts2012Education Attained,19849
Massachusetts2012Gender,19904
Massachusetts2012Household Income,17065
Massachusetts2012Overall,19904
Massachusetts2012Race/Ethnicity,19607
Massachusetts2013Age Group,13883
Massachusetts2013Education Attained,13847
Massachusetts2013Gender,13883
Massachusetts2013Household Income,11989
Massachusetts2013Overall,13883
Massachusetts2013Race/Ethnicity,13660
Massachusetts2014Age Group,14394
Massachusetts2014Education Attained,14339
Massachusetts2014Gender,14394
Massachusetts2014Household Income,12361
Massachusetts2014Overall,14394
Massachusetts2014Race/Ethnicity,14093
Massachusetts2015Age Group,8196
Massachusetts2015Education Attained,8172
Massachusetts2015Gender,8206
Massachusetts2015Household Income,6699
Massachusetts2015Overall,8206
Massachusetts2015Race/Ethnicity,8159
Massachusetts2016Age Group,7480
Massachusetts2016Education Attained,7450
Massachusetts2016Gender,7479
Massachusetts2016Household Income,5763
Massachusetts2016Overall,7480
Massachusetts2016Race/Ethnicity,7429
Massachusetts2017Age Group,6272
Massachusetts2017Education Attained,6243
Massachusetts2017Gender,6266
Massachusetts2017Household Income,4819
Massachusetts2017Overall,6272
Massachusetts2017Race/Ethnicity,6239
Massachusetts2018Age Group,6082
Massachusetts2018Education Attained,6059
Massachusetts2018Gender,6092
Massachusetts2018Household Income,4970
Massachusetts2018Overall,6092
Massachusetts2018Race/Ethnicity,6056
Massachusetts2019Age Group,6777
Massachusetts2019Education Attained,6752
Massachusetts2019Gender,6787
Massachusetts2019Household Income,5366
Massachusetts2019Overall,6787
Massachusetts2019Race/Ethnicity,6747
Michigan2011Age Group,10579
Michigan2011Education Attained,10561
Michigan2011Gender,10579
Michigan2011Household Income,9250
Michigan2011Overall,10579
Michigan2011Race/Ethnicity,10431
Michigan2012Age Group,10052
Michigan2012Education Attained,10039
Michigan2012Gender,10052
Michigan2012Household Income,8764
Michigan2012Overall,10052
Michigan2012Race/Ethnicity,9927
Michigan2013Age Group,12177
Michigan2013Education Attained,12157
Michigan2013Gender,12177
Michigan2013Household Income,10649
Michigan2013Overall,12177
Michigan2013Race/Ethnicity,11973
Michigan2014Age Group,8015
Michigan2014Education Attained,8016
Michigan2014Gender,8024
Michigan2014Household Income,7009
Michigan2014Overall,8024
Michigan2014Race/Ethnicity,7883
Michigan2015Age Group,8319
Michigan2015Education Attained,8316
Michigan2015Gender,8329
Michigan2015Household Income,7079
Michigan2015Overall,8329
Michigan2015Race/Ethnicity,8289
Michigan2016Age Group,11130
Michigan2016Education Attained,11118
Michigan2016Gender,11130
Michigan2016Household Income,9485
Michigan2016Overall,11130
Michigan2016Race/Ethnicity,11092
Michigan2017Age Group,10129
Michigan2017Education Attained,10107
Michigan2017Gender,10129
Michigan2017Household Income,8648
Michigan2017Overall,10129
Michigan2017Race/Ethnicity,10094
Michigan2018Age Group,9589
Michigan2018Education Attained,9568
Michigan2018Gender,9589
Michigan2018Household Income,8143
Michigan2018Overall,9589
Michigan2018Race/Ethnicity,9565
Michigan2019Age Group,9849
Michigan2019Education Attained,9842
Michigan2019Gender,9857
Michigan2019Household Income,8331
Michigan2019Overall,9857
Michigan2019Race/Ethnicity,9837
Minnesota2011Age Group,14387
Minnesota2011Education Attained,14367
Minnesota2011Gender,14387
Minnesota2011Household Income,12762
Minnesota2011Overall,14387
Minnesota2011Race/Ethnicity,14251
Minnesota2012Age Group,11429
Minnesota2012Education Attained,11408
Minnesota2012Gender,11429
Minnesota2012Household Income,10123
Minnesota2012Overall,11429
Minnesota2012Race/Ethnicity,11312
Minnesota2013Age Group,13450
Minnesota2013Education Attained,13432
Minnesota2013Gender,13450
Minnesota2013Household Income,12039
Minnesota2013Overall,13450
Minnesota2013Race/Ethnicity,13300
Minnesota2014Age Group,15309
Minnesota2014Education Attained,15292
Minnesota2014Gender,15309
Minnesota2014Household Income,13618
Minnesota2014Overall,15309
Minnesota2014Race/Ethnicity,15129
Minnesota2015Age Group,15340
Minnesota2015Education Attained,15312
Minnesota2015Gender,15340
Minnesota2015Household Income,13294
Minnesota2015Overall,15340
Minnesota2015Race/Ethnicity,15317
Minnesota2016Age Group,15420
Minnesota2016Education Attained,15395
Minnesota2016Gender,15420
Minnesota2016Household Income,13653
Minnesota2016Overall,15420
Minnesota2016Race/Ethnicity,15385
Minnesota2017Age Group,15445
Minnesota2017Education Attained,15404
Minnesota2017Gender,15445
Minnesota2017Household Income,13428
Minnesota2017Overall,15445
Minnesota2017Race/Ethnicity,15405
Minnesota2018Age Group,15631
Minnesota2018Education Attained,15606
Minnesota2018Gender,15631
Minnesota2018Household Income,13773
Minnesota2018Overall,15631
Minnesota2018Race/Ethnicity,15587
Minnesota2019Age Group,14139
Minnesota2019Education Attained,14109
Minnesota2019Gender,14139
Minnesota2019Household Income,12267
Minnesota2019Overall,14139
Minnesota2019Race/Ethnicity,14100
Mississippi2011Age Group,8504
Mississippi2011Education Attained,8491
Mississippi2011Gender,8504
Mississippi2011Household Income,7295
Mississippi2011Overall,8504
Mississippi2011Race/Ethnicity,8443
Mississippi2012Age Group,7418
Mississippi2012Education Attained,7416
Mississippi2012Gender,7429
Mississippi2012Household Income,6292
Mississippi2012Overall,7429
Mississippi2012Race/Ethnicity,7385
Mississippi2013Age Group,7016
Mississippi2013Education Attained,7022
Mississippi2013Gender,7032
Mississippi2013Household Income,5989
Mississippi2013Overall,7032
Mississippi2013Race/Ethnicity,6968
Mississippi2014Age Group,3957
Mississippi2014Education Attained,3962
Mississippi2014Gender,3975
Mississippi2014Household Income,3425
Mississippi2014Overall,3975
Mississippi2014Race/Ethnicity,3925
Mississippi2015Age Group,5639
Mississippi2015Education Attained,5651
Mississippi2015Gender,5664
Mississippi2015Household Income,4721
Mississippi2015Overall,5664
Mississippi2015Race/Ethnicity,5589
Mississippi2016Age Group,4811
Mississippi2016Education Attained,4817
Mississippi2016Gender,4820
Mississippi2016Household Income,3945
Mississippi2016Overall,4821
Mississippi2016Race/Ethnicity,4755
Mississippi2017Age Group,4726
Mississippi2017Education Attained,4732
Mississippi2017Gender,4748
Mississippi2017Household Income,4271
Mississippi2017Overall,4750
Mississippi2017Race/Ethnicity,4717
Mississippi2018Age Group,5454
Mississippi2018Education Attained,5468
Mississippi2018Gender,5477
Mississippi2018Household Income,4548
Mississippi2018Overall,5477
Mississippi2018Race/Ethnicity,5417
Mississippi2019Age Group,4718
Mississippi2019Education Attained,4724
Mississippi2019Gender,4737
Mississippi2019Household Income,3884
Mississippi2019Overall,4737
Mississippi2019Race/Ethnicity,4676
Missouri2011Age Group,6079
Missouri2011Education Attained,6082
Missouri2011Gender,6095
Missouri2011Household Income,5185
Missouri2011Overall,6095
Missouri2011Race/Ethnicity,6053
Missouri2012Age Group,6444
Missouri2012Education Attained,6439
Missouri2012Gender,6446
Missouri2012Household Income,5464
Missouri2012Overall,6446
Missouri2012Race/Ethnicity,6382
Missouri2013Age Group,6764
Missouri2013Education Attained,6771
Missouri2013Gender,6783
Missouri2013Household Income,5668
Missouri2013Overall,6783
Missouri2013Race/Ethnicity,5929
Missouri2014Age Group,6683
Missouri2014Education Attained,6688
Missouri2014Gender,6695
Missouri2014Household Income,5633
Missouri2014Overall,6695
Missouri2014Race/Ethnicity,6614
Missouri2015Age Group,6756
Missouri2015Education Attained,6755
Missouri2015Gender,6764
Missouri2015Household Income,5553
Missouri2015Overall,6764
Missouri2015Race/Ethnicity,6706
Missouri2016Age Group,6561
Missouri2016Education Attained,6574
Missouri2016Gender,6577
Missouri2016Household Income,5464
Missouri2016Overall,6578
Missouri2016Race/Ethnicity,6519
Missouri2017Age Group,6999
Missouri2017Education Attained,6999
Missouri2017Gender,7009
Missouri2017Household Income,5866
Missouri2017Overall,7010
Missouri2017Race/Ethnicity,6968
Missouri2018Age Group,5774
Missouri2018Education Attained,5791
Missouri2018Gender,5802
Missouri2018Household Income,4696
Missouri2018Overall,5802
Missouri2018Race/Ethnicity,5759
Missouri2019Age Group,6703
Missouri2019Education Attained,6718
Missouri2019Gender,6726
Missouri2019Household Income,5505
Missouri2019Overall,6726
Missouri2019Race/Ethnicity,6689
Montana2011Age Group,9865
Montana2011Education Attained,9871
Montana2011Gender,9882
Montana2011Household Income,8908
Montana2011Overall,9882
Montana2011Race/Ethnicity,9820
Montana2012Age Group,8347
Montana2012Education Attained,8345
Montana2012Gender,8357
Montana2012Household Income,7519
Montana2012Overall,8357
Montana2012Race/Ethnicity,8256
Montana2013Age Group,9323
Montana2013Education Attained,9310
Montana2013Gender,9323
Montana2013Household Income,8421
Montana2013Overall,9323
Montana2013Race/Ethnicity,9228
Montana2014Age Group,7055
Montana2014Education Attained,7047
Montana2014Gender,7064
Montana2014Household Income,6144
Montana2014Overall,7064
Montana2014Race/Ethnicity,6945
Montana2015Age Group,5553
Montana2015Education Attained,5544
Montana2015Gender,5563
Montana2015Household Income,4665
Montana2015Overall,5563
Montana2015Race/Ethnicity,5505
Montana2016Age Group,5460
Montana2016Education Attained,5476
Montana2016Gender,5481
Montana2016Household Income,4662
Montana2016Overall,5483
Montana2016Race/Ethnicity,5443
Montana2017Age Group,5501
Montana2017Education Attained,5492
Montana2017Gender,5508
Montana2017Household Income,4677
Montana2017Overall,5512
Montana2017Race/Ethnicity,5451
Montana2018Age Group,4777
Montana2018Education Attained,4796
Montana2018Gender,4804
Montana2018Household Income,4019
Montana2018Overall,4804
Montana2018Race/Ethnicity,4752
Montana2019Age Group,6010
Montana2019Education Attained,6033
Montana2019Gender,6043
Montana2019Household Income,5258
Montana2019Overall,6043
Montana2019Race/Ethnicity,5995
Nebraska2011Age Group,24366
Nebraska2011Education Attained,24333
Nebraska2011Gender,24366
Nebraska2011Household Income,21767
Nebraska2011Overall,24366
Nebraska2011Race/Ethnicity,24225
Nebraska2012Age Group,18385
Nebraska2012Education Attained,18367
Nebraska2012Gender,18385
Nebraska2012Household Income,16629
Nebraska2012Overall,18385
Nebraska2012Race/Ethnicity,18293
Nebraska2013Age Group,16250
Nebraska2013Education Attained,16238
Nebraska2013Gender,16250
Nebraska2013Household Income,14615
Nebraska2013Overall,16250
Nebraska2013Race/Ethnicity,16104
Nebraska2014Age Group,21130
Nebraska2014Education Attained,21109
Nebraska2014Gender,21130
Nebraska2014Household Income,18870
Nebraska2014Overall,21130
Nebraska2014Race/Ethnicity,20959
Nebraska2015Age Group,16265
Nebraska2015Education Attained,16241
Nebraska2015Gender,16265
Nebraska2015Household Income,14281
Nebraska2015Overall,16265
Nebraska2015Race/Ethnicity,16213
Nebraska2016Age Group,14173
Nebraska2016Education Attained,14163
Nebraska2016Gender,14173
Nebraska2016Household Income,12751
Nebraska2016Overall,14173
Nebraska2016Race/Ethnicity,14124
Nebraska2017Age Group,14320
Nebraska2017Education Attained,14314
Nebraska2017Gender,14327
Nebraska2017Household Income,12870
Nebraska2017Overall,14330
Nebraska2017Race/Ethnicity,14274
Nebraska2018Age Group,13669
Nebraska2018Education Attained,13645
Nebraska2018Gender,13669
Nebraska2018Household Income,12284
Nebraska2018Overall,13669
Nebraska2018Race/Ethnicity,13614
Nebraska2019Age Group,14710
Nebraska2019Education Attained,14679
Nebraska2019Gender,14710
Nebraska2019Household Income,13141
Nebraska2019Overall,14710
Nebraska2019Race/Ethnicity,14654
Nevada2011Age Group,5196
Nevada2011Education Attained,5187
Nevada2011Gender,5205
Nevada2011Household Income,4552
Nevada2011Overall,5205
Nevada2011Race/Ethnicity,5106
Nevada2012Age Group,4582
Nevada2012Education Attained,4576
Nevada2012Gender,4592
Nevada2012Household Income,4024
Nevada2012Overall,4592
Nevada2012Race/Ethnicity,4516
Nevada2013Age Group,4852
Nevada2013Education Attained,4859
Nevada2013Gender,4871
Nevada2013Household Income,4209
Nevada2013Overall,4871
Nevada2013Race/Ethnicity,4784
Nevada2014Age Group,3529
Nevada2014Education Attained,3538
Nevada2014Gender,3555
Nevada2014Household Income,3054
Nevada2014Overall,3555
Nevada2014Race/Ethnicity,3485
Nevada2015Age Group,2682
Nevada2015Education Attained,2685
Nevada2015Gender,2692
Nevada2015Household Income,2209
Nevada2015Overall,2701
Nevada2015Race/Ethnicity,2650
Nevada2016Age Group,3964
Nevada2016Education Attained,3970
Nevada2016Gender,3981
Nevada2016Household Income,3321
Nevada2016Overall,3981
Nevada2016Race/Ethnicity,3945
Nevada2017Age Group,3457
Nevada2017Education Attained,3487
Nevada2017Gender,3496
Nevada2017Household Income,2961
Nevada2017Overall,3496
Nevada2017Race/Ethnicity,3450
Nevada2018Age Group,2980
Nevada2018Education Attained,2997
Nevada2018Gender,3005
Nevada2018Household Income,2480
Nevada2018Overall,3005
Nevada2018Race/Ethnicity,2961
Nevada2019Age Group,2555
Nevada2019Education Attained,2567
Nevada2019Gender,2580
Nevada2019Household Income,2129
Nevada2019Overall,2580
Nevada2019Race/Ethnicity,2526
New Hampshire2011Age Group,6423
New Hampshire2011Education Attained,6415
New Hampshire2011Gender,6442
New Hampshire2011Household Income,5606
New Hampshire2011Overall,6442
New Hampshire2011Race/Ethnicity,6329
New Hampshire2012Age Group,7167
New Hampshire2012Education Attained,7166
New Hampshire2012Gender,7182
New Hampshire2012Household Income,6311
New Hampshire2012Overall,7182
New Hampshire2012Race/Ethnicity,7064
New Hampshire2013Age Group,6125
New Hampshire2013Education Attained,6124
New Hampshire2013Gender,6141
New Hampshire2013Household Income,5316
New Hampshire2013Overall,6141
New Hampshire2013Race/Ethnicity,6048
New Hampshire2014Age Group,5714
New Hampshire2014Education Attained,5714
New Hampshire2014Gender,5730
New Hampshire2014Household Income,4953
New Hampshire2014Overall,5730
New Hampshire2014Race/Ethnicity,5628
New Hampshire2015Age Group,6351
New Hampshire2015Education Attained,6343
New Hampshire2015Gender,6366
New Hampshire2015Household Income,5198
New Hampshire2015Overall,6366
New Hampshire2015Race/Ethnicity,6335
New Hampshire2016Age Group,5864
New Hampshire2016Education Attained,5880
New Hampshire2016Gender,5888
New Hampshire2016Household Income,4929
New Hampshire2016Overall,5888
New Hampshire2016Race/Ethnicity,5858
New Hampshire2017Age Group,5165
New Hampshire2017Education Attained,5177
New Hampshire2017Gender,5184
New Hampshire2017Household Income,4315
New Hampshire2017Overall,5191
New Hampshire2017Race/Ethnicity,5150
New Hampshire2018Age Group,5220
New Hampshire2018Education Attained,5223
New Hampshire2018Gender,5235
New Hampshire2018Household Income,4429
New Hampshire2018Overall,5235
New Hampshire2018Race/Ethnicity,5203
New Hampshire2019Age Group,5189
New Hampshire2019Education Attained,5205
New Hampshire2019Gender,5220
New Hampshire2019Household Income,4326
New Hampshire2019Overall,5220
New Hampshire2019Race/Ethnicity,5175
New Jersey2011Age Group,14130
New Jersey2011Education Attained,14092
New Jersey2011Gender,14130
New Jersey2011Household Income,12126
New Jersey2011Overall,14130
New Jersey2011Race/Ethnicity,13921
New Jersey2012Age Group,14477
New Jersey2012Education Attained,14453
New Jersey2012Gender,14477
New Jersey2012Household Income,12392
New Jersey2012Overall,14477
New Jersey2012Race/Ethnicity,14245
New Jersey2013Age Group,12256
New Jersey2013Education Attained,12230
New Jersey2013Gender,12256
New Jersey2013Household Income,10549
New Jersey2013Overall,12256
New Jersey2013Race/Ethnicity,12040
New Jersey2014Age Group,11955
New Jersey2014Education Attained,11909
New Jersey2014Gender,11955
New Jersey2014Household Income,10226
New Jersey2014Overall,11955
New Jersey2014Race/Ethnicity,11700
New Jersey2015Age Group,10184
New Jersey2015Education Attained,10162
New Jersey2015Gender,10184
New Jersey2015Household Income,8550
New Jersey2015Overall,10184
New Jersey2015Race/Ethnicity,10156
New Jersey2016Age Group,6801
New Jersey2016Education Attained,6781
New Jersey2016Gender,6810
New Jersey2016Household Income,5737
New Jersey2016Overall,6810
New Jersey2016Race/Ethnicity,6761
New Jersey2017Age Group,10385
New Jersey2017Education Attained,10361
New Jersey2017Gender,10394
New Jersey2017Household Income,8906
New Jersey2017Overall,10394
New Jersey2017Race/Ethnicity,10365
New Jersey2018Age Group,2734
New Jersey2018Education Attained,2749
New Jersey2018Gender,2767
New Jersey2018Household Income,2331
New Jersey2018Overall,2767
New Jersey2018Race/Ethnicity,2694
New Mexico2011Age Group,8981
New Mexico2011Education Attained,8962
New Mexico2011Gender,8981
New Mexico2011Household Income,7943
New Mexico2011Overall,8981
New Mexico2011Race/Ethnicity,8881
New Mexico2012Age Group,8385
New Mexico2012Education Attained,8367
New Mexico2012Gender,8385
New Mexico2012Household Income,7434
New Mexico2012Overall,8385
New Mexico2012Race/Ethnicity,8289
New Mexico2013Age Group,8914
New Mexico2013Education Attained,8904
New Mexico2013Gender,8914
New Mexico2013Household Income,7981
New Mexico2013Overall,8914
New Mexico2013Race/Ethnicity,8691
New Mexico2014Age Group,8284
New Mexico2014Education Attained,8270
New Mexico2014Gender,8284
New Mexico2014Household Income,7360
New Mexico2014Overall,8284
New Mexico2014Race/Ethnicity,8074
New Mexico2015Age Group,6173
New Mexico2015Education Attained,6194
New Mexico2015Gender,6206
New Mexico2015Household Income,5442
New Mexico2015Overall,6206
New Mexico2015Race/Ethnicity,6165
New Mexico2016Age Group,5524
New Mexico2016Education Attained,5522
New Mexico2016Gender,5531
New Mexico2016Household Income,4912
New Mexico2016Overall,5531
New Mexico2016Race/Ethnicity,5473
New Mexico2017Age Group,6037
New Mexico2017Education Attained,6040
New Mexico2017Gender,6043
New Mexico2017Household Income,5347
New Mexico2017Overall,6046
New Mexico2017Race/Ethnicity,6006
New Mexico2018Age Group,6261
New Mexico2018Education Attained,6261
New Mexico2018Gender,6269
New Mexico2018Household Income,5577
New Mexico2018Overall,6269
New Mexico2018Race/Ethnicity,6253
New Mexico2019Age Group,5549
New Mexico2019Education Attained,5539
New Mexico2019Gender,5558
New Mexico2019Household Income,4851
New Mexico2019Overall,5558
New Mexico2019Race/Ethnicity,5519
New York2011Age Group,7222
New York2011Education Attained,7191
New York2011Gender,7222
New York2011Household Income,6266
New York2011Overall,7222
New York2011Race/Ethnicity,7035
New York2012Age Group,5700
New York2012Education Attained,5676
New York2012Gender,5700
New York2012Household Income,4965
New York2012Overall,5700
New York2012Race/Ethnicity,5548
New York2013Age Group,8465
New York2013Education Attained,8422
New York2013Gender,8465
New York2013Household Income,7315
New York2013Overall,8465
New York2013Race/Ethnicity,8214
New York2014Age Group,6320
New York2014Education Attained,6282
New York2014Gender,6325
New York2014Household Income,5546
New York2014Overall,6325
New York2014Race/Ethnicity,6152
New York2015Age Group,11281
New York2015Education Attained,11225
New York2015Gender,11281
New York2015Household Income,9803
New York2015Overall,11281
New York2015Race/Ethnicity,11247
New York2016Age Group,31269
New York2016Education Attained,31163
New York2016Gender,31268
New York2016Household Income,27874
New York2016Overall,31269
New York2016Race/Ethnicity,31232
New York2017Age Group,11180
New York2017Education Attained,11124
New York2017Gender,11179
New York2017Household Income,9914
New York2017Overall,11180
New York2017Race/Ethnicity,11160
New York2018Age Group,32076
New York2018Education Attained,31958
New York2018Gender,32076
New York2018Household Income,26694
New York2018Overall,32076
New York2018Race/Ethnicity,32067
New York2019Age Group,12631
New York2019Education Attained,12566
New York2019Gender,12631
New York2019Household Income,10363
New York2019Overall,12631
New York2019Race/Ethnicity,12617
North Carolina2011Age Group,10790
North Carolina2011Education Attained,10768
North Carolina2011Gender,10790
North Carolina2011Household Income,9033
North Carolina2011Overall,10790
North Carolina2011Race/Ethnicity,10714
North Carolina2012Age Group,11113
North Carolina2012Education Attained,11085
North Carolina2012Gender,11113
North Carolina2012Household Income,9319
North Carolina2012Overall,11113
North Carolina2012Race/Ethnicity,11022
North Carolina2013Age Group,8283
North Carolina2013Education Attained,8285
North Carolina2013Gender,8292
North Carolina2013Household Income,6769
North Carolina2013Overall,8292
North Carolina2013Race/Ethnicity,8206
North Carolina2014Age Group,6611
North Carolina2014Education Attained,6602
North Carolina2014Gender,6621
North Carolina2014Household Income,5409
North Carolina2014Overall,6621
North Carolina2014Race/Ethnicity,6552
North Carolina2015Age Group,6012
North Carolina2015Education Attained,6004
North Carolina2015Gender,6019
North Carolina2015Household Income,4918
North Carolina2015Overall,6019
North Carolina2015Race/Ethnicity,5979
North Carolina2016Age Group,5977
North Carolina2016Education Attained,5967
North Carolina2016Gender,5983
North Carolina2016Household Income,5039
North Carolina2016Overall,5984
North Carolina2016Race/Ethnicity,5957
North Carolina2017Age Group,4463
North Carolina2017Education Attained,4479
North Carolina2017Gender,4482
North Carolina2017Household Income,3772
North Carolina2017Overall,4483
North Carolina2017Race/Ethnicity,4462
North Carolina2018Age Group,4271
North Carolina2018Education Attained,4287
North Carolina2018Gender,4294
North Carolina2018Household Income,3557
North Carolina2018Overall,4294
North Carolina2018Race/Ethnicity,4249
North Carolina2019Age Group,3859
North Carolina2019Education Attained,3856
North Carolina2019Gender,3871
North Carolina2019Household Income,3084
North Carolina2019Overall,3871
North Carolina2019Race/Ethnicity,3825
North Dakota2011Age Group,4956
North Dakota2011Education Attained,4967
North Dakota2011Gender,4973
North Dakota2011Household Income,4347
North Dakota2011Overall,4982
North Dakota2011Race/Ethnicity,4908
North Dakota2012Age Group,4597
North Dakota2012Education Attained,4625
North Dakota2012Gender,4625
North Dakota2012Household Income,4063
North Dakota2012Overall,4625
North Dakota2012Race/Ethnicity,4549
North Dakota2013Age Group,7413
North Dakota2013Education Attained,7390
North Dakota2013Gender,7413
North Dakota2013Household Income,6515
North Dakota2013Overall,7413
North Dakota2013Race/Ethnicity,7305
North Dakota2014Age Group,7245
North Dakota2014Education Attained,7243
North Dakota2014Gender,7269
North Dakota2014Household Income,6462
North Dakota2014Overall,7269
North Dakota2014Race/Ethnicity,7130
North Dakota2015Age Group,4592
North Dakota2015Education Attained,4599
North Dakota2015Gender,4612
North Dakota2015Household Income,4034
North Dakota2015Overall,4612
North Dakota2015Race/Ethnicity,4583
North Dakota2016Age Group,5319
North Dakota2016Education Attained,5331
North Dakota2016Gender,5348
North Dakota2016Household Income,4823
North Dakota2016Overall,5348
North Dakota2016Race/Ethnicity,5317
North Dakota2017Age Group,6523
North Dakota2017Education Attained,6515
North Dakota2017Gender,6529
North Dakota2017Household Income,5938
North Dakota2017Overall,6532
North Dakota2017Race/Ethnicity,6506
North Dakota2018Age Group,5197
North Dakota2018Education Attained,5207
North Dakota2018Gender,5224
North Dakota2018Household Income,4584
North Dakota2018Overall,5224
North Dakota2018Race/Ethnicity,5187
North Dakota2019Age Group,5142
North Dakota2019Education Attained,5158
North Dakota2019Gender,5174
North Dakota2019Household Income,4503
North Dakota2019Overall,5174
North Dakota2019Race/Ethnicity,5138
Ohio2011Age Group,9330
Ohio2011Education Attained,9329
Ohio2011Gender,9339
Ohio2011Household Income,7946
Ohio2011Overall,9339
Ohio2011Race/Ethnicity,9206
Ohio2012Age Group,12319
Ohio2012Education Attained,12307
Ohio2012Gender,12319
Ohio2012Household Income,10786
Ohio2012Overall,12319
Ohio2012Race/Ethnicity,12192
Ohio2013Age Group,11260
Ohio2013Education Attained,11245
Ohio2013Gender,11260
Ohio2013Household Income,9881
Ohio2013Overall,11260
Ohio2013Race/Ethnicity,11134
Ohio2014Age Group,10313
Ohio2014Education Attained,10293
Ohio2014Gender,10313
Ohio2014Household Income,8899
Ohio2014Overall,10313
Ohio2014Race/Ethnicity,10128
Ohio2015Age Group,10924
Ohio2015Education Attained,10902
Ohio2015Gender,10924
Ohio2015Household Income,9051
Ohio2015Overall,10924
Ohio2015Race/Ethnicity,10880
Ohio2016Age Group,11455
Ohio2016Education Attained,11447
Ohio2016Gender,11455
Ohio2016Household Income,9882
Ohio2016Overall,11455
Ohio2016Race/Ethnicity,11421
Ohio2017Age Group,11398
Ohio2017Education Attained,11375
Ohio2017Gender,11398
Ohio2017Household Income,9793
Ohio2017Overall,11398
Ohio2017Race/Ethnicity,11354
Ohio2018Age Group,11907
Ohio2018Education Attained,11892
Ohio2018Gender,11907
Ohio2018Household Income,10315
Ohio2018Overall,11907
Ohio2018Race/Ethnicity,11883
Ohio2019Age Group,12385
Ohio2019Education Attained,12358
Ohio2019Gender,12385
Ohio2019Household Income,10373
Ohio2019Overall,12385
Ohio2019Race/Ethnicity,12355
Oklahoma2011Age Group,8159
Oklahoma2011Education Attained,8153
Oklahoma2011Gender,8159
Oklahoma2011Household Income,7248
Oklahoma2011Overall,8159
Oklahoma2011Race/Ethnicity,8128
Oklahoma2012Age Group,7719
Oklahoma2012Education Attained,7716
Oklahoma2012Gender,7719
Oklahoma2012Household Income,6915
Oklahoma2012Overall,7719
Oklahoma2012Race/Ethnicity,7676
Oklahoma2013Age Group,7875
Oklahoma2013Education Attained,7870
Oklahoma2013Gender,7875
Oklahoma2013Household Income,6980
Oklahoma2013Overall,7875
Oklahoma2013Race/Ethnicity,7832
Oklahoma2014Age Group,8009
Oklahoma2014Education Attained,8002
Oklahoma2014Gender,8009
Oklahoma2014Household Income,7001
Oklahoma2014Overall,8009
Oklahoma2014Race/Ethnicity,7963
Oklahoma2015Age Group,6495
Oklahoma2015Education Attained,6505
Oklahoma2015Gender,6521
Oklahoma2015Household Income,5426
Oklahoma2015Overall,6521
Oklahoma2015Race/Ethnicity,6478
Oklahoma2016Age Group,6433
Oklahoma2016Education Attained,6433
Oklahoma2016Gender,6449
Oklahoma2016Household Income,5306
Oklahoma2016Overall,6449
Oklahoma2016Race/Ethnicity,6407
Oklahoma2017Age Group,6093
Oklahoma2017Education Attained,6094
Oklahoma2017Gender,6112
Oklahoma2017Household Income,4952
Oklahoma2017Overall,6113
Oklahoma2017Race/Ethnicity,6057
Oklahoma2018Age Group,4833
Oklahoma2018Education Attained,4848
Oklahoma2018Gender,4855
Oklahoma2018Household Income,4149
Oklahoma2018Overall,4855
Oklahoma2018Race/Ethnicity,4818
Oklahoma2019Age Group,5745
Oklahoma2019Education Attained,5741
Oklahoma2019Gender,5748
Oklahoma2019Household Income,4869
Oklahoma2019Overall,5748
Oklahoma2019Race/Ethnicity,5691
Oregon2011Age Group,5949
Oregon2011Education Attained,5938
Oregon2011Gender,5959
Oregon2011Household Income,5194
Oregon2011Overall,5959
Oregon2011Race/Ethnicity,5880
Oregon2012Age Group,5024
Oregon2012Education Attained,5036
Oregon2012Gender,5056
Oregon2012Household Income,4367
Oregon2012Overall,5056
Oregon2012Race/Ethnicity,4973
Oregon2013Age Group,5662
Oregon2013Education Attained,5653
Oregon2013Gender,5668
Oregon2013Household Income,4984
Oregon2013Overall,5668
Oregon2013Race/Ethnicity,5536
Oregon2014Age Group,4908
Oregon2014Education Attained,4900
Oregon2014Gender,4919
Oregon2014Household Income,4248
Oregon2014Overall,4919
Oregon2014Race/Ethnicity,4833
Oregon2015Age Group,4890
Oregon2015Education Attained,4881
Oregon2015Gender,4906
Oregon2015Household Income,4114
Oregon2015Overall,4906
Oregon2015Race/Ethnicity,4869
Oregon2016Age Group,4976
Oregon2016Education Attained,4978
Oregon2016Gender,4995
Oregon2016Household Income,4238
Oregon2016Overall,5000
Oregon2016Race/Ethnicity,4963
Oregon2017Age Group,4897
Oregon2017Education Attained,4885
Oregon2017Gender,4902
Oregon2017Household Income,4171
Oregon2017Overall,4909
Oregon2017Race/Ethnicity,4872
Oregon2018Age Group,5466
Oregon2018Education Attained,5456
Oregon2018Gender,5471
Oregon2018Household Income,4665
Oregon2018Overall,5471
Oregon2018Race/Ethnicity,5413
Oregon2019Age Group,5532
Oregon2019Education Attained,5523
Oregon2019Gender,5548
Oregon2019Household Income,4423
Oregon2019Overall,5548
Oregon2019Race/Ethnicity,5513
Pennsylvania2011Age Group,10850
Pennsylvania2011Education Attained,10825
Pennsylvania2011Gender,10850
Pennsylvania2011Household Income,9321
Pennsylvania2011Overall,10850
Pennsylvania2011Race/Ethnicity,10658
Pennsylvania2012Age Group,18893
Pennsylvania2012Education Attained,18866
Pennsylvania2012Gender,18893
Pennsylvania2012Household Income,16350
Pennsylvania2012Overall,18893
Pennsylvania2012Race/Ethnicity,18549
Pennsylvania2013Age Group,10857
Pennsylvania2013Education Attained,10826
Pennsylvania2013Gender,10857
Pennsylvania2013Household Income,9378
Pennsylvania2013Overall,10857
Pennsylvania2013Race/Ethnicity,10660
Pennsylvania2014Age Group,10364
Pennsylvania2014Education Attained,10343
Pennsylvania2014Gender,10374
Pennsylvania2014Household Income,9059
Pennsylvania2014Overall,10374
Pennsylvania2014Race/Ethnicity,10193
Pennsylvania2015Age Group,5314
Pennsylvania2015Education Attained,5318
Pennsylvania2015Gender,5335
Pennsylvania2015Household Income,4509
Pennsylvania2015Overall,5335
Pennsylvania2015Race/Ethnicity,5290
Pennsylvania2016Age Group,6338
Pennsylvania2016Education Attained,6344
Pennsylvania2016Gender,6367
Pennsylvania2016Household Income,5668
Pennsylvania2016Overall,6367
Pennsylvania2016Race/Ethnicity,6323
Pennsylvania2017Age Group,6121
Pennsylvania2017Education Attained,6125
Pennsylvania2017Gender,6134
Pennsylvania2017Household Income,5410
Pennsylvania2017Overall,6135
Pennsylvania2017Race/Ethnicity,6068
Pennsylvania2018Age Group,5732
Pennsylvania2018Education Attained,5745
Pennsylvania2018Gender,5754
Pennsylvania2018Household Income,4957
Pennsylvania2018Overall,5754
Pennsylvania2018Race/Ethnicity,5714
Pennsylvania2019Age Group,6122
Pennsylvania2019Education Attained,6125
Pennsylvania2019Gender,6138
Pennsylvania2019Household Income,5364
Pennsylvania2019Overall,6138
Pennsylvania2019Race/Ethnicity,6087
Rhode Island2011Age Group,6162
Rhode Island2011Education Attained,6165
Rhode Island2011Gender,6182
Rhode Island2011Household Income,5269
Rhode Island2011Overall,6182
Rhode Island2011Race/Ethnicity,6089
Rhode Island2012Age Group,5156
Rhode Island2012Education Attained,5168
Rhode Island2012Gender,5178
Rhode Island2012Household Income,4446
Rhode Island2012Overall,5188
Rhode Island2012Race/Ethnicity,5112
Rhode Island2013Age Group,6181
Rhode Island2013Education Attained,6167
Rhode Island2013Gender,6191
Rhode Island2013Household Income,5292
Rhode Island2013Overall,6191
Rhode Island2013Race/Ethnicity,6059
Rhode Island2014Age Group,5951
Rhode Island2014Education Attained,5942
Rhode Island2014Gender,5969
Rhode Island2014Household Income,5072
Rhode Island2014Overall,5969
Rhode Island2014Race/Ethnicity,5861
Rhode Island2015Age Group,5657
Rhode Island2015Education Attained,5651
Rhode Island2015Gender,5668
Rhode Island2015Household Income,4564
Rhode Island2015Overall,5668
Rhode Island2015Race/Ethnicity,5634
Rhode Island2016Age Group,4912
Rhode Island2016Education Attained,4915
Rhode Island2016Gender,4936
Rhode Island2016Household Income,4132
Rhode Island2016Overall,4936
Rhode Island2016Race/Ethnicity,4888
Rhode Island2017Age Group,5111
Rhode Island2017Education Attained,5122
Rhode Island2017Gender,5131
Rhode Island2017Household Income,4259
Rhode Island2017Overall,5141
Rhode Island2017Race/Ethnicity,5114
Rhode Island2018Age Group,5107
Rhode Island2018Education Attained,5128
Rhode Island2018Gender,5141
Rhode Island2018Household Income,4290
Rhode Island2018Overall,5141
Rhode Island2018Race/Ethnicity,5118
Rhode Island2019Age Group,5448
Rhode Island2019Education Attained,5450
Rhode Island2019Gender,5464
Rhode Island2019Household Income,4456
Rhode Island2019Overall,5464
Rhode Island2019Race/Ethnicity,5429
South Carolina2011Age Group,12352
South Carolina2011Education Attained,12330
South Carolina2011Gender,12352
South Carolina2011Household Income,10557
South Carolina2011Overall,12352
South Carolina2011Race/Ethnicity,12069
South Carolina2012Age Group,12203
South Carolina2012Education Attained,12187
South Carolina2012Gender,12210
South Carolina2012Household Income,10476
South Carolina2012Overall,12210
South Carolina2012Race/Ethnicity,11940
South Carolina2013Age Group,10227
South Carolina2013Education Attained,10204
South Carolina2013Gender,10227
South Carolina2013Household Income,8813
South Carolina2013Overall,10227
South Carolina2013Race/Ethnicity,9996
South Carolina2014Age Group,10383
South Carolina2014Education Attained,10377
South Carolina2014Gender,10393
South Carolina2014Household Income,8931
South Carolina2014Overall,10393
South Carolina2014Race/Ethnicity,10157
South Carolina2015Age Group,10865
South Carolina2015Education Attained,10848
South Carolina2015Gender,10865
South Carolina2015Household Income,9065
South Carolina2015Overall,10865
South Carolina2015Race/Ethnicity,10827
South Carolina2016Age Group,10503
South Carolina2016Education Attained,10490
South Carolina2016Gender,10503
South Carolina2016Household Income,8794
South Carolina2016Overall,10503
South Carolina2016Race/Ethnicity,10483
South Carolina2017Age Group,10475
South Carolina2017Education Attained,10450
South Carolina2017Gender,10469
South Carolina2017Household Income,8784
South Carolina2017Overall,10475
South Carolina2017Race/Ethnicity,10455
South Carolina2018Age Group,10072
South Carolina2018Education Attained,10064
South Carolina2018Gender,10082
South Carolina2018Household Income,8415
South Carolina2018Overall,10082
South Carolina2018Race/Ethnicity,10049
South Carolina2019Age Group,6618
South Carolina2019Education Attained,6606
South Carolina2019Gender,6627
South Carolina2019Household Income,5549
South Carolina2019Overall,6627
South Carolina2019Race/Ethnicity,6594
South Dakota2011Age Group,7785
South Dakota2011Education Attained,7810
South Dakota2011Gender,7820
South Dakota2011Household Income,6721
South Dakota2011Overall,7820
South Dakota2011Race/Ethnicity,7756
South Dakota2012Age Group,7425
South Dakota2012Education Attained,7417
South Dakota2012Gender,7433
South Dakota2012Household Income,6445
South Dakota2012Overall,7433
South Dakota2012Race/Ethnicity,7379
South Dakota2013Age Group,6506
South Dakota2013Education Attained,6514
South Dakota2013Gender,6531
South Dakota2013Household Income,5521
South Dakota2013Overall,6531
South Dakota2013Race/Ethnicity,6482
South Dakota2014Age Group,6946
South Dakota2014Education Attained,6944
South Dakota2014Gender,6960
South Dakota2014Household Income,5909
South Dakota2014Overall,6960
South Dakota2014Race/Ethnicity,6884
South Dakota2015Age Group,6673
South Dakota2015Education Attained,6698
South Dakota2015Gender,6707
South Dakota2015Household Income,5567
South Dakota2015Overall,6707
South Dakota2015Race/Ethnicity,6643
South Dakota2016Age Group,5332
South Dakota2016Education Attained,5362
South Dakota2016Gender,5361
South Dakota2016Household Income,4550
South Dakota2016Overall,5371
South Dakota2016Race/Ethnicity,5328
South Dakota2017Age Group,6503
South Dakota2017Education Attained,6522
South Dakota2017Gender,6533
South Dakota2017Household Income,5544
South Dakota2017Overall,6533
South Dakota2017Race/Ethnicity,6497
South Dakota2018Age Group,6608
South Dakota2018Education Attained,6611
South Dakota2018Gender,6630
South Dakota2018Household Income,5516
South Dakota2018Overall,6630
South Dakota2018Race/Ethnicity,6579
South Dakota2019Age Group,6141
South Dakota2019Education Attained,6142
South Dakota2019Gender,6166
South Dakota2019Household Income,4985
South Dakota2019Overall,6166
South Dakota2019Race/Ethnicity,6107
Tennessee2011Age Group,5564
Tennessee2011Education Attained,5563
Tennessee2011Gender,5575
Tennessee2011Household Income,4271
Tennessee2011Overall,5575
Tennessee2011Race/Ethnicity,5538
Tennessee2012Age Group,6613
Tennessee2012Education Attained,6599
Tennessee2012Gender,6613
Tennessee2012Household Income,5047
Tennessee2012Overall,6613
Tennessee2012Race/Ethnicity,6572
Tennessee2013Age Group,5428
Tennessee2013Education Attained,5434
Tennessee2013Gender,5452
Tennessee2013Household Income,3926
Tennessee2013Overall,5452
Tennessee2013Race/Ethnicity,5389
Tennessee2014Age Group,4775
Tennessee2014Education Attained,4781
Tennessee2014Gender,4793
Tennessee2014Household Income,3888
Tennessee2014Overall,4793
Tennessee2014Race/Ethnicity,4728
Tennessee2015Age Group,5454
Tennessee2015Education Attained,5465
Tennessee2015Gender,5475
Tennessee2015Household Income,4486
Tennessee2015Overall,5475
Tennessee2015Race/Ethnicity,5445
Tennessee2016Age Group,5641
Tennessee2016Education Attained,5648
Tennessee2016Gender,5654
Tennessee2016Household Income,4769
Tennessee2016Overall,5657
Tennessee2016Race/Ethnicity,5612
Tennessee2017Age Group,5352
Tennessee2017Education Attained,5346
Tennessee2017Gender,5353
Tennessee2017Household Income,4535
Tennessee2017Overall,5354
Tennessee2017Race/Ethnicity,5320
Tennessee2018Age Group,4731
Tennessee2018Education Attained,4747
Tennessee2018Gender,4756
Tennessee2018Household Income,4085
Tennessee2018Overall,4756
Tennessee2018Race/Ethnicity,4722
Tennessee2019Age Group,5664
Tennessee2019Education Attained,5663
Tennessee2019Gender,5673
Tennessee2019Household Income,4781
Tennessee2019Overall,5673
Tennessee2019Race/Ethnicity,5637
Texas2011Age Group,14024
Texas2011Education Attained,13984
Texas2011Gender,14024
Texas2011Household Income,12197
Texas2011Overall,14024
Texas2011Race/Ethnicity,13792
Texas2012Age Group,8530
Texas2012Education Attained,8510
Texas2012Gender,8530
Texas2012Household Income,7502
Texas2012Overall,8530
Texas2012Race/Ethnicity,8351
Texas2013Age Group,10085
Texas2013Education Attained,10055
Texas2013Gender,10085
Texas2013Household Income,8537
Texas2013Overall,10085
Texas2013Race/Ethnicity,9841
Texas2014Age Group,14058
Texas2014Education Attained,14014
Texas2014Gender,14058
Texas2014Household Income,11931
Texas2014Overall,14058
Texas2014Race/Ethnicity,13701
Texas2015Age Group,13230
Texas2015Education Attained,13195
Texas2015Gender,13230
Texas2015Household Income,11266
Texas2015Overall,13230
Texas2015Race/Ethnicity,13195
Texas2016Age Group,10789
Texas2016Education Attained,10765
Texas2016Gender,10789
Texas2016Household Income,9496
Texas2016Overall,10789
Texas2016Race/Ethnicity,10753
Texas2017Age Group,11228
Texas2017Education Attained,11205
Texas2017Gender,11225
Texas2017Household Income,9852
Texas2017Overall,11238
Texas2017Race/Ethnicity,11187
Texas2018Age Group,10187
Texas2018Education Attained,10165
Texas2018Gender,10187
Texas2018Household Income,8466
Texas2018Overall,10187
Texas2018Race/Ethnicity,10156
Texas2019Age Group,11082
Texas2019Education Attained,11056
Texas2019Gender,11082
Texas2019Household Income,9231
Texas2019Overall,11082
Texas2019Race/Ethnicity,11054
Utah2011Age Group,11918
Utah2011Education Attained,11895
Utah2011Gender,11918
Utah2011Household Income,10519
Utah2011Overall,11918
Utah2011Race/Ethnicity,11817
Utah2012Age Group,11683
Utah2012Education Attained,11654
Utah2012Gender,11683
Utah2012Household Income,10341
Utah2012Overall,11683
Utah2012Race/Ethnicity,11560
Utah2013Age Group,12027
Utah2013Education Attained,12006
Utah2013Gender,12027
Utah2013Household Income,10684
Utah2013Overall,12027
Utah2013Race/Ethnicity,11871
Utah2014Age Group,13965
Utah2014Education Attained,13933
Utah2014Gender,13965
Utah2014Household Income,12250
Utah2014Overall,13965
Utah2014Race/Ethnicity,13773
Utah2015Age Group,10455
Utah2015Education Attained,10424
Utah2015Gender,10455
Utah2015Household Income,8987
Utah2015Overall,10455
Utah2015Race/Ethnicity,10414
Utah2016Age Group,10043
Utah2016Education Attained,10017
Utah2016Gender,10035
Utah2016Household Income,8537
Utah2016Overall,10043
Utah2016Race/Ethnicity,10001
Utah2017Age Group,9325
Utah2017Education Attained,9306
Utah2017Gender,9316
Utah2017Household Income,8011
Utah2017Overall,9325
Utah2017Race/Ethnicity,9295
Utah2018Age Group,9727
Utah2018Education Attained,9707
Utah2018Gender,9727
Utah2018Household Income,8343
Utah2018Overall,9727
Utah2018Race/Ethnicity,9706
Utah2019Age Group,10846
Utah2019Education Attained,10818
Utah2019Gender,10846
Utah2019Household Income,9286
Utah2019Overall,10846
Utah2019Race/Ethnicity,10835
Vermont2011Age Group,6741
Vermont2011Education Attained,6759
Vermont2011Gender,6771
Vermont2011Household Income,5927
Vermont2011Overall,6771
Vermont2011Race/Ethnicity,6665
Vermont2012Age Group,5768
Vermont2012Education Attained,5782
Vermont2012Gender,5791
Vermont2012Household Income,5072
Vermont2012Overall,5791
Vermont2012Race/Ethnicity,5684
Vermont2013Age Group,6093
Vermont2013Education Attained,6085
Vermont2013Gender,6106
Vermont2013Household Income,5376
Vermont2013Overall,6106
Vermont2013Race/Ethnicity,5981
Vermont2014Age Group,6068
Vermont2014Education Attained,6046
Vermont2014Gender,6068
Vermont2014Household Income,5359
Vermont2014Overall,6068
Vermont2014Race/Ethnicity,5959
Vermont2015Age Group,5998
Vermont2015Education Attained,5997
Vermont2015Gender,6008
Vermont2015Household Income,5080
Vermont2015Overall,6008
Vermont2015Race/Ethnicity,5966
Vermont2016Age Group,6050
Vermont2016Education Attained,6064
Vermont2016Gender,6071
Vermont2016Household Income,5158
Vermont2016Overall,6071
Vermont2016Race/Ethnicity,6046
Vermont2017Age Group,5969
Vermont2017Education Attained,5962
Vermont2017Gender,5973
Vermont2017Household Income,5153
Vermont2017Overall,5980
Vermont2017Race/Ethnicity,5941
Vermont2018Age Group,5990
Vermont2018Education Attained,6005
Vermont2018Gender,6021
Vermont2018Household Income,5108
Vermont2018Overall,6021
Vermont2018Race/Ethnicity,5980
Vermont2019Age Group,5838
Vermont2019Education Attained,5850
Vermont2019Gender,5864
Vermont2019Household Income,4934
Vermont2019Overall,5864
Vermont2019Race/Ethnicity,5811
Virginia2011Age Group,6126
Virginia2011Education Attained,6142
Virginia2011Gender,6151
Virginia2011Household Income,5354
Virginia2011Overall,6151
Virginia2011Race/Ethnicity,6056
Virginia2012Age Group,6948
Virginia2012Education Attained,6936
Virginia2012Gender,6948
Virginia2012Household Income,5994
Virginia2012Overall,6948
Virginia2012Race/Ethnicity,6809
Virginia2013Age Group,7941
Virginia2013Education Attained,7922
Virginia2013Gender,7941
Virginia2013Household Income,7029
Virginia2013Overall,7941
Virginia2013Race/Ethnicity,7799
Virginia2014Age Group,8870
Virginia2014Education Attained,8852
Virginia2014Gender,8879
Virginia2014Household Income,7793
Virginia2014Overall,8879
Virginia2014Race/Ethnicity,8711
Virginia2015Age Group,8030
Virginia2015Education Attained,8013
Virginia2015Gender,8030
Virginia2015Household Income,6927
Virginia2015Overall,8030
Virginia2015Race/Ethnicity,8012
Virginia2016Age Group,8293
Virginia2016Education Attained,8262
Virginia2016Gender,8293
Virginia2016Household Income,7213
Virginia2016Overall,8293
Virginia2016Race/Ethnicity,8251
Virginia2017Age Group,8799
Virginia2017Education Attained,8792
Virginia2017Gender,8809
Virginia2017Household Income,7495
Virginia2017Overall,8809
Virginia2017Race/Ethnicity,8775
Virginia2018Age Group,9508
Virginia2018Education Attained,9505
Virginia2018Gender,9517
Virginia2018Household Income,8247
Virginia2018Overall,9517
Virginia2018Race/Ethnicity,9472
Virginia2019Age Group,9024
Virginia2019Education Attained,9015
Virginia2019Gender,9034
Virginia2019Household Income,7669
Virginia2019Overall,9034
Virginia2019Race/Ethnicity,8990
Washington2011Age Group,13896
Washington2011Education Attained,13877
Washington2011Gender,13896
Washington2011Household Income,12203
Washington2011Overall,13896
Washington2011Race/Ethnicity,13739
Washington2012Age Group,14540
Washington2012Education Attained,14524
Washington2012Gender,14540
Washington2012Household Income,12777
Washington2012Overall,14540
Washington2012Race/Ethnicity,14341
Washington2013Age Group,10554
Washington2013Education Attained,10531
Washington2013Gender,10554
Washington2013Household Income,9291
Washington2013Overall,10554
Washington2013Race/Ethnicity,10395
Washington2014Age Group,9444
Washington2014Education Attained,9431
Washington2014Gender,9444
Washington2014Household Income,8432
Washington2014Overall,9444
Washington2014Race/Ethnicity,9313
Washington2015Age Group,14694
Washington2015Education Attained,14659
Washington2015Gender,14694
Washington2015Household Income,12587
Washington2015Overall,14694
Washington2015Race/Ethnicity,14678
Washington2016Age Group,12990
Washington2016Education Attained,12966
Washington2016Gender,12990
Washington2016Household Income,11302
Washington2016Overall,12990
Washington2016Race/Ethnicity,12971
Washington2017Age Group,12062
Washington2017Education Attained,12040
Washington2017Gender,12048
Washington2017Household Income,10382
Washington2017Overall,12062
Washington2017Race/Ethnicity,12039
Washington2018Age Group,11864
Washington2018Education Attained,11838
Washington2018Gender,11864
Washington2018Household Income,10121
Washington2018Overall,11864
Washington2018Race/Ethnicity,11841
Washington2019Age Group,11676
Washington2019Education Attained,11651
Washington2019Gender,11676
Washington2019Household Income,10097
Washington2019Overall,11676
Washington2019Race/Ethnicity,11647
West Virginia2011Age Group,4944
West Virginia2011Education Attained,4951
West Virginia2011Gender,4958
West Virginia2011Household Income,4195
West Virginia2011Overall,4958
West Virginia2011Race/Ethnicity,4940
West Virginia2012Age Group,5105
West Virginia2012Education Attained,5115
West Virginia2012Gender,5125
West Virginia2012Household Income,4410
West Virginia2012Overall,5125
West Virginia2012Race/Ethnicity,5106
West Virginia2013Age Group,5609
West Virginia2013Education Attained,5625
West Virginia2013Gender,5636
West Virginia2013Household Income,4790
West Virginia2013Overall,5636
West Virginia2013Race/Ethnicity,5597
West Virginia2014Age Group,5838
West Virginia2014Education Attained,5843
West Virginia2014Gender,5846
West Virginia2014Household Income,4852
West Virginia2014Overall,5846
West Virginia2014Race/Ethnicity,5820
West Virginia2015Age Group,5456
West Virginia2015Education Attained,5457
West Virginia2015Gender,5471
West Virginia2015Household Income,4379
West Virginia2015Overall,5471
West Virginia2015Race/Ethnicity,5415
West Virginia2016Age Group,6617
West Virginia2016Education Attained,6627
West Virginia2016Gender,6635
West Virginia2016Household Income,5503
West Virginia2016Overall,6635
West Virginia2016Race/Ethnicity,6591
West Virginia2017Age Group,5091
West Virginia2017Education Attained,5111
West Virginia2017Gender,5116
West Virginia2017Household Income,4362
West Virginia2017Overall,5116
West Virginia2017Race/Ethnicity,5065
West Virginia2018Age Group,4592
West Virginia2018Education Attained,4606
West Virginia2018Gender,4622
West Virginia2018Household Income,4023
West Virginia2018Overall,4622
West Virginia2018Race/Ethnicity,4582
West Virginia2019Age Group,4965
West Virginia2019Education Attained,4981
West Virginia2019Gender,4988
West Virginia2019Household Income,4327
West Virginia2019Overall,4988
West Virginia2019Race/Ethnicity,4946
Wisconsin2011Age Group,4910
Wisconsin2011Education Attained,4926
Wisconsin2011Gender,4941
Wisconsin2011Household Income,4427
Wisconsin2011Overall,4941
Wisconsin2011Race/Ethnicity,4875
Wisconsin2012Age Group,4940
Wisconsin2012Education Attained,4954
Wisconsin2012Gender,4966
Wisconsin2012Household Income,4459
Wisconsin2012Overall,4966
Wisconsin2012Race/Ethnicity,4916
Wisconsin2013Age Group,6171
Wisconsin2013Education Attained,6181
Wisconsin2013Gender,6188
Wisconsin2013Household Income,5594
Wisconsin2013Overall,6188
Wisconsin2013Race/Ethnicity,6119
Wisconsin2014Age Group,6639
Wisconsin2014Education Attained,6640
Wisconsin2014Gender,6655
Wisconsin2014Household Income,6051
Wisconsin2014Overall,6655
Wisconsin2014Race/Ethnicity,6606
Wisconsin2015Age Group,5736
Wisconsin2015Education Attained,5745
Wisconsin2015Gender,5755
Wisconsin2015Household Income,5183
Wisconsin2015Overall,5755
Wisconsin2015Race/Ethnicity,5733
Wisconsin2016Age Group,4765
Wisconsin2016Education Attained,4786
Wisconsin2016Gender,4793
Wisconsin2016Household Income,4285
Wisconsin2016Overall,4793
Wisconsin2016Race/Ethnicity,4773
Wisconsin2017Age Group,5326
Wisconsin2017Education Attained,5334
Wisconsin2017Gender,5348
Wisconsin2017Household Income,4819
Wisconsin2017Overall,5348
Wisconsin2017Race/Ethnicity,5315
Wisconsin2018Age Group,4567
Wisconsin2018Education Attained,4575
Wisconsin2018Gender,4585
Wisconsin2018Household Income,4111
Wisconsin2018Overall,4585
Wisconsin2018Race/Ethnicity,4556
Wisconsin2019Age Group,4547
Wisconsin2019Education Attained,4558
Wisconsin2019Gender,4574
Wisconsin2019Household Income,4034
Wisconsin2019Overall,4574
Wisconsin2019Race/Ethnicity,4557
Wyoming2011Age Group,6555
Wyoming2011Education Attained,6547
Wyoming2011Gender,6565
Wyoming2011Household Income,5824
Wyoming2011Overall,6565
Wyoming2011Race/Ethnicity,6438
Wyoming2012Age Group,5950
Wyoming2012Education Attained,5958
Wyoming2012Gender,5976
Wyoming2012Household Income,5177
Wyoming2012Overall,5976
Wyoming2012Race/Ethnicity,5852
Wyoming2013Age Group,6132
Wyoming2013Education Attained,6127
Wyoming2013Gender,6147
Wyoming2013Household Income,5317
Wyoming2013Overall,6147
Wyoming2013Race/Ethnicity,6036
Wyoming2014Age Group,5952
Wyoming2014Education Attained,5961
Wyoming2014Gender,5973
Wyoming2014Household Income,4999
Wyoming2014Overall,5973
Wyoming2014Race/Ethnicity,5858
Wyoming2015Age Group,4987
Wyoming2015Education Attained,4994
Wyoming2015Gender,5010
Wyoming2015Household Income,4171
Wyoming2015Overall,5010
Wyoming2015Race/Ethnicity,4953
Wyoming2016Age Group,4178
Wyoming2016Education Attained,4189
Wyoming2016Gender,4200
Wyoming2016Household Income,3682
Wyoming2016Overall,4200
Wyoming2016Race/Ethnicity,4141
Wyoming2017Age Group,4138
Wyoming2017Education Attained,4151
Wyoming2017Gender,4158
Wyoming2017Household Income,3686
Wyoming2017Overall,4158
Wyoming2017Race/Ethnicity,4108
Wyoming2018Age Group,4153
Wyoming2018Education Attained,4164
Wyoming2018Gender,4175
Wyoming2018Household Income,3639
Wyoming2018Overall,4175
Wyoming2018Race/Ethnicity,4131
Wyoming2019Age Group,4284
Wyoming2019Education Attained,4297
Wyoming2019Gender,4306
Wyoming2019Household Income,3649
Wyoming2019Overall,4306
Wyoming2019Race/Ethnicity,4256
